shopify_handle,wp_product_id,sku,title,description,status,regular_price,sale_price,categories,tags,image_urls,gallery_image_urls,variant_option_name,variant_option_value,stock_quantity,stock_status,simms_cas,simms_formula,simms_molecular_weight,simms_sequence,simms_form,simms_solubility,simms_storage,simms_purity,simms_dosage_summary
dsip,,SIMMS-DSIP-10,DSIP,"<p><span>DSIP, or Delta Sleep-Inducing Peptide, is a synthetic nonapeptide with the sequence Trp-Ala-Gly-Gly-Asp-Ala-Ser-Gly-Glu.</span></p>
<p><span>This product is intended for research use only.</span></p>",publish,51.00,,,,https://cdn.shopify.com/s/files/1/0661/7710/6023/files/DSIP.png?v=1780887960,,,,,instock,62568-57-4,C35H48N10O15,848.8 g/mol,Trp-Ala-Gly-Gly-Asp-Ala-Ser-Gly-Glu,White lyophilized powder,Soluble in bacteriostatic water,,,
melanotan-i,,SIMMS-MELANOTAN-I-10,MELANOTAN I,"<p><span>Melanotan I, also known as afamelanotide, is a synthetic alpha-MSH analogue containing Nle4 and D-Phe7 modifications. </span></p>
<p><span>This product is intended for research use only.</span></p>",publish,40.00,,,,https://cdn.shopify.com/s/files/1/0661/7710/6023/files/Melanotan_I.png?v=1780887982,,,,,instock,75921-69-6,C78H111N21O19,1646.8 g/mol,Ac-Ser-Tyr-Ser-Nle-Glu-His-D-Phe-Arg-Trp-Gly-Lys-Pro-Val-NH2,White lyophilized powder,Soluble in bacteriostatic water,,,
research-water,,SIMMS-RESEARCH-WATER-10ML,RESEARCH WATER,"<p><span>Research Water is a sterile aqueous diluent.</span></p>
<p><span>This product is intended for research use only.</span></p>",publish,20.00,,,,https://cdn.shopify.com/s/files/1/0661/7710/6023/files/Research_Water.png?v=1780888135,,,,,instock,7732-18-5,H2O,18.015 g/mol,,Sterile aqueous solution,Not applicable,,,
melanotan-ii,,SIMMS-MELANOTAN-II-10,MELANOTAN II,"<p><span>Melanotan II is a cyclic synthetic analogue of alpha-melanocyte-stimulating hormone (α-MSH) designed for melanocortin receptor research. </span></p>
<p><span>This product is intended for research use only.</span></p>",publish,50.00,,,,https://cdn.shopify.com/s/files/1/0661/7710/6023/files/Melanotan_II.png?v=1780888159,,,,,instock,121062-08-6,C50H69N15O9,1024.2 g/mol,Ac-Nle-cyclo[Asp-His-D-Phe-Arg-Trp-Lys]-NH2,White lyophilized powder,Soluble in bacteriostatic water,,,
ipamorelin,,SIMMS-IPAMORELIN-10,IPAMORELIN,"<p><span>Ipamorelin is a synthetic pentapeptide growth-hormone secretagogue and selective agonist of the ghrelin/GHS-R1a receptor. </span></p>
<p><span>This product is intended for research use only.</span></p>",publish,61.00,,,,https://cdn.shopify.com/s/files/1/0661/7710/6023/files/Ipamorelin.png?v=1780888191,,,,,instock,170851-70-4,C38H49N9O5,711.9 g/mol,Aib-His-D-2-Nal-D-Phe-Lys-NH2,White lyophilized powder,Soluble in bacteriostatic water,,,
glutathione,,SIMMS-GLUTATHIONE-1500,GLUTATHIONE,"<p><span>Glutathione is a naturally occurring tripeptide composed of glutamate, cysteine, and glycine. </span></p>
<p><span>This product is intended for research use only.</span></p>",publish,69.00,,,,https://cdn.shopify.com/s/files/1/0661/7710/6023/files/Glutathione.png?v=1780888234,,,,,instock,70-18-8,C10H17N3O6S,307.33 g/mol,gamma-Glu-Cys-Gly,White lyophilized powder,Soluble in bacteriostatic water,,,
epithalon,,SIMMS-EPITHALON-10,EPITHALON,"<p><span>Epithalon, also written as Epitalon, is a synthetic tetrapeptide with the sequence Ala-Glu-Asp-Gly.</span></p>
<p><span>This product is intended for research use only.</span></p>",publish,39.00,,,,https://cdn.shopify.com/s/files/1/0661/7710/6023/files/Epithalon.png?v=1780888277,,,,,instock,307297-39-8,C14H22N4O9,390.35 g/mol,Ala-Glu-Asp-Gly,White lyophilized powder,Soluble in bacteriostatic water,,,
kpv,,SIMMS-KPV-10,KPV,"<p><span>KPV is the C-terminal tripeptide fragment of alpha-melanocyte-stimulating hormone (α-MSH), consisting of Lys-Pro-Val.</span></p>
<p><span>This product is intended for research use only.</span></p>",publish,52.00,,,,https://cdn.shopify.com/s/files/1/0661/7710/6023/files/KPV.png?v=1780888307,,,,,instock,67727-97-3,C16H30N4O4,342.43 g/mol,Lys-Pro-Val,White lyophilized powder,Soluble in bacteriostatic water,,,
thymosin-alpha-1,,SIMMS-THYMOSIN-ALPHA-1-10,THYMOSIN ALPHA-1,"<p><span>Thymosin Alpha-1, also known as thymalfasin, is an acetylated 28-amino-acid thymic peptide.</span></p>
<p><span>This product is intended for research use only.</span></p>",publish,49.00,,,,https://cdn.shopify.com/s/files/1/0661/7710/6023/files/Thymosin_Alpha-1.png?v=1780888339,,,,,instock,62304-98-7,C129H215N33O55,3108.3 g/mol,Ac-Ser-Asp-Ala-Ala-Val-Asp-Thr-Ser-Ser-Glu-Ile-Thr-Thr-Lys-Asp-Leu-Lys-Glu-Lys-Lys-Glu-Val-Val-Glu-Glu-Ala-Glu-Asn,White lyophilized powder,Soluble in bacteriostatic water,,,
selank,,SIMMS-SELANK-10,SELANK,"<p><span>Selank is a synthetic heptapeptide derived from the endogenous immunopeptide tuftsin, developed at the Institute of Molecular Genetics in Russia.</span></p>
<p><span>This product is intended for research use only.</span></p>",publish,42.00,,,,https://cdn.shopify.com/s/files/1/0661/7710/6023/files/Selank.png?v=1780888382,,,,,instock,129954-34-3,C33H57N11O9,751.87 g/mol,Thr-Lys-Pro-Arg-Pro-Gly-Pro,White lyophilized powder,Soluble in bacteriostatic water,,,
semax,,SIMMS-SEMAX-10,SEMAX,"<p><span>Semax is a synthetic heptapeptide analogue of the ACTH 4–10 fragment developed in Russia.</span></p>
<p><span>This product is intended for research use only.</span></p>",publish,42.00,,,,https://cdn.shopify.com/s/files/1/0661/7710/6023/files/Semax.png?v=1780888420,,,,,instock,80714-61-0,C37H51N9O10S,813.9 g/mol,Met-Glu-His-Phe-Pro-Gly-Pro,White lyophilized powder,Soluble in bacteriostatic water,,,
ghk-cu,,SIMMS-GHK-CU-50,GHK-CU,"<p class=""ng-star-inserted""><span>GHK-Cu is a naturally occurring tripeptide-copper complex.</span></p>
<p>This product is intended for research use only.</p>",publish,40.00,,,,https://cdn.shopify.com/s/files/1/0661/7710/6023/files/ChatGPT_Image_Jun_6_2026_12_18_30_PM.png?v=1780762742,,Dosage,50mg,,instock,89030-95-5,C14H21CuN6O4,404.9 g/mol,Gly-His-Lys,Blue lyophilized powder,Soluble in bacteriostatic water,,,
ghk-cu,,SIMMS-GHK-CU-100,GHK-CU,"<p class=""ng-star-inserted""><span>GHK-Cu is a naturally occurring tripeptide-copper complex.</span></p>
<p>This product is intended for research use only.</p>",publish,95.00,,,,https://cdn.shopify.com/s/files/1/0661/7710/6023/files/ChatGPT_Image_Jun_6_2026_12_18_30_PM.png?v=1780762742,,Dosage,100mg,,instock,89030-95-5,C14H21CuN6O4,404.9 g/mol,Gly-His-Lys,Blue lyophilized powder,Soluble in bacteriostatic water,,,
mots-c,,SIMMS-MOTS-C-10,MOTS-C,"<p class=""ng-star-inserted""><span class=""ng-star-inserted"">MOTS-c (Mitochondrial Open Reading Frame of the 12S rRNA-c) is a 16-amino acid peptide encoded within the mitochondrial genome.</span></p>
<p><span>This product is strictly for research purposes only.</span></p>",publish,55.00,,,,https://cdn.shopify.com/s/files/1/0661/7710/6023/files/Mots-C.png?v=1780888476,,,,,instock,1627580-64-6,C101H152N28O22S2,2174.6 g/mol,Met-Arg-Trp-Gln-Glu-Met-Gly-Tyr-Ile-Phe-Tyr-Pro-Arg-Lys-Leu-Arg,White lyophilized powder,Soluble in bacteriostatic water,,,
nad,,SIMMS-NAD-500,NAD+,"<p class=""ng-star-inserted""><span class=""ng-star-inserted"">NAD+ (Nicotinamide Adenine Dinucleotide) is a ubiquitous coenzyme found in all living cells, serving as a fundamental electron carrier in redox reactions.</span><span class=""ng-star-inserted""></span></p>
<p><span>This product is strictly for research purposes only.</span></p>",publish,52.00,,,,https://cdn.shopify.com/s/files/1/0661/7710/6023/files/NAD.png?v=1780888506,,,,,instock,53-84-9,C21H27N7O14P2,663.43 g/mol,,White lyophilized powder,Soluble in bacteriostatic water,,,
bpc-157,,SIMMS-BPC-157-10,BPC-157,"<p class=""ng-star-inserted""><span class=""ng-star-inserted"">BPC-157 is a synthetic 15-amino acid pentadecapeptide derived from a partial sequence of human gastric juice.</span><span class=""ng-star-inserted""></span></p>
<p><span>This product is intended for laboratory research use only. </span></p>",publish,64.00,,,,https://cdn.shopify.com/s/files/1/0661/7710/6023/files/Body_Protection_Compound.png?v=1780888584,,Dosage,10mg,,instock,137525-51-0,C62H98N16O22,1419.5 g/mol,Gly-Glu-Pro-Pro-Pro-Gly-Lys-Pro-Ala-Asp-Asp-Ala-Gly-Leu-Val,Lyophilized powder,Soluble in bacteriostatic water,,,
bpc-157,,SIMMS-BPC-157-20,BPC-157,"<p class=""ng-star-inserted""><span class=""ng-star-inserted"">BPC-157 is a synthetic 15-amino acid pentadecapeptide derived from a partial sequence of human gastric juice.</span><span class=""ng-star-inserted""></span></p>
<p><span>This product is intended for laboratory research use only. </span></p>",publish,109.00,,,,https://cdn.shopify.com/s/files/1/0661/7710/6023/files/Body_Protection_Compound.png?v=1780888584,,Dosage,20mg,,instock,137525-51-0,C62H98N16O22,1419.5 g/mol,Gly-Glu-Pro-Pro-Pro-Gly-Lys-Pro-Ala-Asp-Asp-Ala-Gly-Leu-Val,Lyophilized powder,Soluble in bacteriostatic water,,,
