Handle,Title,Body (HTML),Vendor,Product Category,Type,Tags,Published,Option1 Name,Option1 Value,Option1 Linked To,Option2 Name,Option2 Value,Option2 Linked To,Option3 Name,Option3 Value,Option3 Linked To,Variant SKU,Variant Grams,Variant Inventory Tracker,Variant Inventory Qty,Variant Inventory Policy,Variant Fulfillment Service,Variant Price,Variant Compare At Price,Variant Requires Shipping,Variant Taxable,Unit Price Total Measure,Unit Price Total Measure Unit,Unit Price Base Measure,Unit Price Base Measure Unit,Variant Barcode,Image Src,Image Position,Image Alt Text,Gift Card,SEO Title,SEO Description,COA Batches (product.metafields.coa.batches),Storage (product.metafields.custom.storage),Form (product.metafields.details.form),Molecular Formula (product.metafields.details.formula),Molecular Weight (product.metafields.details.molecular_weight),Research Notice (product.metafields.details.research_notice),Sequence (product.metafields.details.sequence),Solubility (product.metafields.details.solubility),Complementary products (product.metafields.shopify--discovery--product_recommendation.complementary_products),Related products (product.metafields.shopify--discovery--product_recommendation.related_products),Related products settings (product.metafields.shopify--discovery--product_recommendation.related_products_display),Search product boosts (product.metafields.shopify--discovery--product_search_boost.queries),CAS Number (product.metafields.spec.cas),Category (product.metafields.spec.category),Purity (product.metafields.spec.purity),Variant Image,Variant Weight Unit,Variant Tax Code,Cost per item,Status
bpc-157,BPC-157,"<p class=""ng-star-inserted""><span class=""ng-star-inserted"">BPC-157 is a synthetic 15-amino acid pentadecapeptide derived from a partial sequence of human gastric juice.</span><span class=""ng-star-inserted""></span></p>
<p><span><meta charset=""utf-8"">This product is intended for laboratory research use only. </span></p>",Simms,Uncategorized,"","",true,Dosage,10mg,,,,,,,,SIMMS-BPC-157-10,0.0,shopify,9,deny,manual,64.00,,true,true,,,,,"",https://cdn.shopify.com/s/files/1/0661/7710/6023/files/Body_Protection_Compound.png?v=1780888584,1,BPC-157 Body Protection Compound bottle and packaging on a light gray background,false,,,b-334; b-164; b-085; b-544,Store refrigerated at 36-46 degrees F (2-8 degrees C). Protect from light.,Lyophilized powder,C62H98N16O22,1419.5 g/mol,,Gly-Glu-Pro-Pro-Pro-Gly-Lys-Pro-Ala-Asp-Asp-Ala-Gly-Leu-Val,Soluble in bacteriostatic water,,,,,137525-51-0,Compound,99%+ Purity,,lb,,,active
bpc-157,,,,,,,,,20mg,,,,,,,,SIMMS-BPC-157-20,0.0,shopify,3,deny,manual,109.00,,true,true,,,,,"",,,,,,,,,,,,,,,,,,,,,,,lb,,,
wolverine,BPC-157 / TB-500 (WOLVERINE),"<p><meta charset=""utf-8""><span>The Wolverine blend is a paired peptide formulation of BPC-157 (10 mg) and TB-500 (10 mg). </span></p>
<p><span>This product is intended for research use only.</span></p>",Simms,Uncategorized,"","",true,Dosage,10mg,,,,,,,,SIMMS-WOLVERINE-10,0.0,shopify,15,deny,manual,89.00,,true,true,,,,,"",https://cdn.shopify.com/s/files/1/0661/7710/6023/files/ChatGPT_Image_Jun_6_2026_11_13_01_AM.png?v=1780758823,1,"",false,,,bt-324; bt-193,Keep refrigerated 36‑46 °F (2‑8 °C),Lyophilized powder blend,,,,,Soluble in bacteriostatic water,,,,,137525-51-0 / 77591-33-4,Blend,99%+ Purity,https://cdn.shopify.com/s/files/1/0661/7710/6023/files/Generated_Image_April_26_2026_-_2_50PM_4.jpg?v=1777229761,lb,,,unlisted
wolverine,,,,,,,,,,,,,,,,,,,,,,,,,,,,,,,,https://cdn.shopify.com/s/files/1/0661/7710/6023/files/Generated_Image_April_26_2026_-_2_50PM_4.jpg?v=1777229761,2,"",,,,,,,,,,,,,,,,,,,,,,,
cjc-1295-nodac-ipamorelin,CJC-1295 noDAC / IPAMORELIN,"<p><meta charset=""utf-8""><span>This blend pairs CJC-1295 no DAC (5mg), a short-acting GHRH analogue derived from Modified GRF (1-29), with ipamorelin (5mg) , a selective pentapeptide agonist. </span></p>
<p><span><meta charset=""utf-8"">This product is intended for research use only.</span></p>",Simms,Uncategorized,"","",true,Dosage,10mg,,,,,,,,SIMMS-CJC-1295-NODAC-IPAMORELIN-10,0.0,shopify,12,deny,manual,87.00,,true,true,,,,,"",https://cdn.shopify.com/s/files/1/0661/7710/6023/files/ChatGPT_Image_Jun_6_2026_11_38_59_AM.png?v=1780760363,1,"",false,,,ci-224,Keep refrigerated 36‑46 °F (2‑8 °C),White lyophilized powder,,,,,Soluble in bacteriostatic water,,,,,863288-34-0 / 170851-70-4,Blend,99%+ Purity,https://cdn.shopify.com/s/files/1/0661/7710/6023/files/Generated_Image_April_26_2026_-_2_47PM.jpg?v=1777229763,lb,,,unlisted
cjc-1295-nodac-ipamorelin,,,,,,,,,,,,,,,,,,,,,,,,,,,,,,,,https://cdn.shopify.com/s/files/1/0661/7710/6023/files/Generated_Image_April_26_2026_-_2_47PM.jpg?v=1777229763,2,"",,,,,,,,,,,,,,,,,,,,,,,
dsip,DSIP,"<p><meta charset=""utf-8""><span>DSIP, or Delta Sleep-Inducing Peptide, is a synthetic nonapeptide with the sequence Trp-Ala-Gly-Gly-Asp-Ala-Ser-Gly-Glu.</span></p>
<p><span>This product is intended for research use only.</span></p>",Simms,Uncategorized,"","",true,Dosage,10mg,,,,,,,,SIMMS-DSIP-10,0.0,shopify,115,deny,manual,51.00,,true,true,,,,,"",https://cdn.shopify.com/s/files/1/0661/7710/6023/files/DSIP.png?v=1780887960,1,DSIP product with packaging on a light gray background,false,,,dp-172,Keep refrigerated 36‑46 °F (2‑8 °C),White lyophilized powder,C35H48N10O15,848.8 g/mol,,Trp-Ala-Gly-Gly-Asp-Ala-Ser-Gly-Glu,Soluble in bacteriostatic water,,,,,62568-57-4,Compound,99%+ Purity,,lb,,,active
epithalon,EPITHALON,"<p><meta charset=""utf-8""><span>Epithalon, also written as Epitalon, is a synthetic tetrapeptide with the sequence Ala-Glu-Asp-Gly.</span></p>
<p><span>This product is intended for research use only.</span></p>",Simms,Uncategorized,"","",true,Dosage,10mg,,,,,,,,SIMMS-EPITHALON-10,0.0,shopify,235,deny,manual,39.00,,true,true,,,,,"",https://cdn.shopify.com/s/files/1/0661/7710/6023/files/Epithalon.png?v=1780888277,1,Epithalon bottle and packaging on a light gray background,false,,,en-129,Keep refrigerated 36‑46 °F (2‑8 °C),White lyophilized powder,C14H22N4O9,390.35 g/mol,,Ala-Glu-Asp-Gly,Soluble in bacteriostatic water,,,,,307297-39-8,Compound,99%+ Purity,,lb,,,active
ghk-cu,GHK-CU,"<p class=""ng-star-inserted""><meta charset=""utf-8""><span>GHK-Cu is a naturally occurring tripeptide-copper complex.</span></p>
<p>This product is intended for research use only.</p>",Simms,Uncategorized,"","",true,Dosage,50mg,,,,,,,,SIMMS-GHK-CU-50,0.0,shopify,17,deny,manual,40.00,,true,true,,,,,"",https://cdn.shopify.com/s/files/1/0661/7710/6023/files/ChatGPT_Image_Jun_6_2026_12_18_30_PM.png?v=1780762742,1,"",false,,,gh-287; gh-203; gh-556,"Keep refrigerated 36–46 °F (2–8 °C), protect from light",Blue lyophilized powder,C14H21CuN6O4, 404.9 g/mol,,Gly-His-Lys,Soluble in bacteriostatic water,,,,,89030-95-5,Compound,99%+ Purity,,lb,,,active
ghk-cu,,,,,,,,,100mg,,,,,,,,SIMMS-GHK-CU-100,0.0,shopify,8,deny,manual,95.00,,true,true,,,,,"",,,,,,,,,,,,,,,,,,,,,,,lb,,,
glow,GLOW,"<p><meta charset=""utf-8""><span>GLOW is a research-grade peptide blend combining GHK-Cu, BPC-157, and TB-500 in a single lyophilized formulation.</span></p>
<p><span>This product is intended for research use only.</span></p>",Simms,Uncategorized,"","",true,Dosage,70mg,,,,,,,,SIMMS-GLOW-70,0.0,shopify,58,deny,manual,116.00,,true,true,,,,,"",https://cdn.shopify.com/s/files/1/0661/7710/6023/files/gw-researh-card.png?v=1780714607,1,"",false,,,gl-133; gl-281,Keep refrigerated 36‑46 °F (2‑8 °C),Lyophilized powder blend,,,,,Soluble in bacteriostatic water,,,,,137525-51-0 / 77591-33-4 / 89030-95-5,Blend,99%+ Purity,https://cdn.shopify.com/s/files/1/0661/7710/6023/files/Generated_Image_April_26_2026_-_2_50PM_5.jpg?v=1777229762,lb,,,unlisted
glow,,,,,,,,,,,,,,,,,,,,,,,,,,,,,,,,https://cdn.shopify.com/s/files/1/0661/7710/6023/files/Generated_Image_April_26_2026_-_2_50PM_5.jpg?v=1777229762,2,"",,,,,,,,,,,,,,,,,,,,,,,
glp-3-rt,GLP-3 (RT),"<p><meta charset=""utf-8""><span>GLP-3 is a first-in-class triple agonist targeting GLP-1, GIP, and glucagon receptors simultaneously.</span></p>
<p><meta charset=""utf-8"">This product is intended for research use only.</p>",Simms,Uncategorized,"","",false,Dosage,10mg,,,,,,,,SIMMS-GLP-3-RT-10,0.0,shopify,13,deny,manual,75.00,,true,true,,,,,"",https://cdn.shopify.com/s/files/1/0661/7710/6023/files/ChatGPT_Image_Jun_6_2026_11_31_22_AM.png?v=1780759918,1,"",false,,,g-361; 2603200594; g-236; g-170; g-392,Keep refrigerated 36‑46 °F (2‑8 °C),White Lyophilized powder,C221H342N46O68,4731.33 g/mol,,Tyr-{Aib}-Gln-Gly-Thr-Phe-Thr-Ser-Asp-Tyr-Ser-Ile-{α-Me-Leu}-Leu-Asp-Lys-{K*}-Ala-Gln-{Aib}-Ala-Phe-Ile-Glu-Tyr-Leu-Leu-Glu-Gly-Gly-Pro-Ser-Ser-Gly-Ala-Pro-Pro-Pro-Ser-NH,Soluble in bacteriostatic water,,,,,2381089-83-2,Compound,99%+ Purity,,lb,,,suspended
glp-3-rt,,,,,,,,,20mg,,,,,,,,SIMMS-GLP-3-RT-20,0.0,shopify,7,deny,manual,135.00,,true,true,,,,,"",,,,,,,,,,,,,,,,,,,,,,,lb,,,
glp-3-rt,,,,,,,,,30mg,,,,,,,,SIMMS-GLP-3-RT-30,0.0,shopify,57,deny,manual,215.00,,true,true,,,,,"",,,,,,,,,,,,,,,,,,,,,,,lb,,,
glutathione,GLUTATHIONE,"<p><meta charset=""utf-8""><span>Glutathione is a naturally occurring tripeptide composed of glutamate, cysteine, and glycine. </span></p>
<p><span>This product is intended for research use only.</span></p>",Simms,Uncategorized,"","",true,Dosage,1500mg,,,,,,,,SIMMS-GLUTATHIONE-1500,0.0,shopify,80,deny,manual,69.00,,true,true,,,,,"",https://cdn.shopify.com/s/files/1/0661/7710/6023/files/Glutathione.png?v=1780888234,1,Glutathione supplement bottle with label on a light gray background,false,,,ge-122,"Keep refrigerated 36‑46 °F (2‑8 °C), protect from light",White lyophilized powder,C10H17N3O6S,307.33 g/mol,,gamma-Glu-Cys-Gly,Soluble in bacteriostatic water,,,,,70-18-8,Compound,99%+ Purity,,lb,,,active
ipamorelin,IPAMORELIN,"<p><meta charset=""utf-8""><span>Ipamorelin is a synthetic pentapeptide growth-hormone secretagogue and selective agonist of the ghrelin/GHS-R1a receptor. </span></p>
<p><span>This product is intended for research use only.</span></p>",Simms,Uncategorized,"","",true,Dosage,10mg,,,,,,,,SIMMS-IPAMORELIN-10,0.0,shopify,108,deny,manual,61.00,,true,true,,,,,"",https://cdn.shopify.com/s/files/1/0661/7710/6023/files/Ipamorelin.png?v=1780888191,1,Ipamorelin packaging on a light gray background,false,,,in-278,Keep refrigerated 36‑46 °F (2‑8 °C),White lyophilized powder,C38H49N9O5,711.9 g/mol,,Aib-His-D-2-Nal-D-Phe-Lys-NH2,Soluble in bacteriostatic water,,,,,170851-70-4,Compound,99%+ Purity,,lb,,,active
klow,KLOW,"<p><meta charset=""utf-8""><span>KLOW is a four-peptide research blend combining GHK-Cu (50 mg), BPC-157 (10 mg), TB-500 (10 mg), and KPV (10 mg). The formulation extends the tissue-remodeling rationale of GHK-Cu, BPC-157, and TB-500 by adding KPV, an α-MSH-derived tripeptide.</span></p>
<p><span>This product is intended for research use only.</span></p>",Simms,Uncategorized,"","",true,Dosage,80mg,,,,,,,,SIMMS-KLOW-80,0.0,shopify,21,deny,manual,126.00,,true,true,,,,,"",https://cdn.shopify.com/s/files/1/0661/7710/6023/files/ChatGPT_Image_Jun_6_2026_11_29_28_AM.png?v=1780759801,1,"",false,,,kw-126,Keep refrigerated 36‑46 °F (2‑8 °C),Lyophilized powder blend,,,,,Soluble in bacteriostatic water,,,,,89030-95-5 / 137525-51-0 / 77591-33-4 / 67727-97-3,Blend,99%+ Purity,https://cdn.shopify.com/s/files/1/0661/7710/6023/files/Generated_Image_May_19_2026_-_5_44PM.jpg?v=1779248200,lb,,,unlisted
klow,,,,,,,,,,,,,,,,,,,,,,,,,,,,,,,,https://cdn.shopify.com/s/files/1/0661/7710/6023/files/Generated_Image_May_19_2026_-_5_44PM.jpg?v=1779248200,2,"",,,,,,,,,,,,,,,,,,,,,,,
kpv,KPV,"<p><meta charset=""utf-8""><span>KPV is the C-terminal tripeptide fragment of alpha-melanocyte-stimulating hormone (α-MSH), consisting of Lys-Pro-Val.</span></p>
<p><span>This product is intended for research use only.</span></p>",Simms,Uncategorized,"","",true,Dosage,10mg,,,,,,,,SIMMS-KPV-10,0.0,shopify,78,deny,manual,52.00,,true,true,,,,,"",https://cdn.shopify.com/s/files/1/0661/7710/6023/files/KPV.png?v=1780888307,1,KPV packaging with a clear bottle on a light gray background,false,,,kv-298,Keep refrigerated 36‑46 °F (2‑8 °C),White lyophilized powder,C16H30N4O4,342.43 g/mol,,Lys-Pro-Val,Soluble in bacteriostatic water,,,,,67727-97-3,Compound,99%+ Purity,,lb,,,active
melanotan-i,MELANOTAN I,"<p><meta charset=""utf-8""><span>Melanotan I, also known as afamelanotide, is a synthetic alpha-MSH analogue containing Nle4 and D-Phe7 modifications. </span></p>
<p><span>This product is intended for research use only.</span></p>",Simms,Uncategorized,"","",true,Dosage,10mg,,,,,,,,SIMMS-MELANOTAN-I-10,0.0,shopify,133,deny,manual,40.00,,true,true,,,,,"",https://cdn.shopify.com/s/files/1/0661/7710/6023/files/Melanotan_I.png?v=1780887982,1,Melanotan I packaging and vial on a white background,false,,,m-1266,"Keep refrigerated 36‑46 °F (2‑8 °C), protect from light",White lyophilized powder,C78H111N21O19,1646.8 g/mol,,Ac-Ser-Tyr-Ser-Nle-Glu-His-D-Phe-Arg-Trp-Gly-Lys-Pro-Val-NH2,Soluble in bacteriostatic water,,,,,75921-69-6,Compound,99%+ Purity,,lb,,,active
melanotan-ii,MELANOTAN II,"<p><meta charset=""utf-8""><span>Melanotan II is a cyclic synthetic analogue of alpha-melanocyte-stimulating hormone (α-MSH) designed for melanocortin receptor research. </span></p>
<p><span>This product is intended for research use only.</span></p>",Simms,Uncategorized,"","",true,Dosage,10mg,,,,,,,,SIMMS-MELANOTAN-II-10,0.0,shopify,181,deny,manual,50.00,,true,true,,,,,"",https://cdn.shopify.com/s/files/1/0661/7710/6023/files/Melanotan_II.png?v=1780888159,1,Melanotan II packaging with a clear bottle on a light gray background,false,,,m-2186,"Keep refrigerated 36‑46 °F (2‑8 °C), protect from light",White lyophilized powder,C50H69N15O9,1024.2 g/mol,,Ac-Nle-cyclo[Asp-His-D-Phe-Arg-Trp-Lys]-NH2,Soluble in bacteriostatic water,,,,,121062-08-6,Compound,99%+ Purity,,lb,,,active
mots-c,MOTS-C,"<p class=""ng-star-inserted""><span class=""ng-star-inserted"">MOTS-c (Mitochondrial Open Reading Frame of the 12S rRNA-c) is a 16-amino acid peptide encoded within the mitochondrial genome.</span></p>
<p><span>This product is strictly for research purposes only.</span></p>",Simms,Uncategorized,"","",true,Dosage,10mg,,,,,,,,SIMMS-MOTS-C-10,0.0,shopify,11,deny,manual,55.00,,true,true,,,,,"",https://cdn.shopify.com/s/files/1/0661/7710/6023/files/Mots-C.png?v=1780888476,1,MOTS-C product packaging on a white background,false,,,m-0254,Keep refrigerated 36–46 °F (2–8 °C),White lyophilized powder,C101H152N28O22S2,2174.6 g/mol,,Met-Arg-Trp-Gln-Glu-Met-Gly-Tyr-Ile-Phe-Tyr-Pro-Arg-Lys-Leu-Arg,Soluble in bacteriostatic water,,,,,1627580-64-6,Compound,99%+ Purity,,lb,,,active
nad,NAD+,"<p class=""ng-star-inserted""><span class=""ng-star-inserted"">NAD+ (Nicotinamide Adenine Dinucleotide) is a ubiquitous coenzyme found in all living cells, serving as a fundamental electron carrier in redox reactions.</span><span class=""ng-star-inserted""></span></p>
<p><span>This product is strictly for research purposes only.</span></p>",Simms,Uncategorized,"","",true,Dosage,500mg,,,,,,,,SIMMS-NAD-500,0.0,shopify,22,deny,manual,52.00,,true,true,,,,,"",https://cdn.shopify.com/s/files/1/0661/7710/6023/files/NAD.png?v=1780888506,1,NAD+ supplement bottle and packaging on a white background,false,,,n-254,"Keep refrigerated 36‑46 °F (2‑8 °C), protect from light",White lyophilized powder,C21H27N7O14P2,663.43 g/mol,,,Soluble in bacteriostatic water,,,,,53-84-9,Compound,99%+ Purity,,lb,,,active
research-water,RESEARCH WATER,"<p><meta charset=""utf-8""><span>Research Water is a sterile aqueous diluent.</span></p>
<p><span>This product is intended for research use only.</span></p>",Simms,Uncategorized,"","",true,Dosage,10ml,,,,,,,,SIMMS-RESEARCH-WATER-10ML,0.0,shopify,179,deny,manual,20.00,,true,true,,,,,"",https://cdn.shopify.com/s/files/1/0661/7710/6023/files/Research_Water.png?v=1780888135,1,Research Water and packaging on a light gray background,false,,,,Store at controlled room temperature; protect from direct light,Sterile aqueous solution,H2O,18.015 g/mol,,,Not applicable,,,,,7732-18-5,Solution,99%+ Purity,,lb,,,active
selank,SELANK,"<p><meta charset=""utf-8""><span>Selank is a synthetic heptapeptide derived from the endogenous immunopeptide tuftsin, developed at the Institute of Molecular Genetics in Russia.</span></p>
<p><span>This product is intended for research use only.</span></p>",Simms,Uncategorized,"","",true,Dosage,10mg,,,,,,,,SIMMS-SELANK-10,0.0,shopify,79,deny,manual,42.00,,true,true,,,,,"",https://cdn.shopify.com/s/files/1/0661/7710/6023/files/Selank.png?v=1780888382,1,Selank bottle and packaging on a light gray background,false,,,sl-154,Keep refrigerated 36‑46 °F (2‑8 °C); reconstituted solution at 35-46°F (2-8°C),White lyophilized powder,C33H57N11O9,751.87 g/mol,,Thr-Lys-Pro-Arg-Pro-Gly-Pro,Soluble in bacteriostatic water,,,,,129954-34-3,Compound,99%+ Purity,,lb,,,active
semax,SEMAX,"<p><meta charset=""utf-8""><span>Semax is a synthetic heptapeptide analogue of the ACTH 4–10 fragment developed in Russia.</span></p>
<p><span>This product is intended for research use only.</span></p>",Simms,Uncategorized,"","",true,Dosage,10mg,,,,,,,,SIMMS-SEMAX-10,0.0,shopify,75,deny,manual,42.00,,true,true,,,,,"",https://cdn.shopify.com/s/files/1/0661/7710/6023/files/Semax.png?v=1780888420,1,Semax bottle and packaging on a light gray background,false,,,s-104,Requires refrigeration after reconstitution,White lyophilized powder,C37H51N9O10S,813.9 g/mol,,Met-Glu-His-Phe-Pro-Gly-Pro ,Soluble in bacteriostatic water,,,,,80714-61-0,Compound,99%+ Purity,,lb,,,active
sermorelin,SERMORELIN,"<p><meta charset=""utf-8""><span>Sermorelin is a synthetic 29-amino-acid analogue of growth-hormone-releasing hormone, commonly described as GHRH(1-29) amide.</span></p>
<p><span>This product is intended for research use only.</span></p>",Simms,Uncategorized,"","",false,Dosage,10mg,,,,,,,,SIMMS-SERMORELIN-10,0.0,shopify,74,deny,manual,92.00,,true,true,,,,,"",https://cdn.shopify.com/s/files/1/0661/7710/6023/files/Sermorelin.png?v=1780888098,1,Sermorelin vial and packaging on a light gray background,false,,,sn-590,Keep refrigerated 36‑46 °F (2‑8 °C),White lyophilized powder,C149H246N44O42S,3357.9 g/mol,,Tyr-Ala-Asp-Ala-Ile-Phe-Thr-Asn-Ser-Tyr-Arg-Lys-Val-Leu-Gly-Gln-Leu-Ser-Ala-Arg-Lys-Leu-Leu-Gln-Asp-Ile-Met-Ser-Arg-NH2,Soluble in bacteriostatic water,,,,,86168-78-7,Compound,99%+ Purity,,lb,,,suspended
tesamorelin,TESAMORELIN,"<p><meta charset=""utf-8""><span>Tesamorelin is a synthetic GHRH(1-44) analogue modified with an N-terminal trans-3-hexenoyl group.</span></p>
<p><span>This product is intended for research use only.</span></p>",Simms,Uncategorized,"","",false,Dosage,10mg,,,,,,,,SIMMS-TESAMORELIN-10,0.0,shopify,5,deny,manual,87.00,,true,true,,,,,"",https://cdn.shopify.com/s/files/1/0661/7710/6023/files/Tesamorelin.png?v=1780888074,1,Tesamorelin packaging and bottle on a light gray background,false,,,tn-544,Keep refrigerated 36‑46 °F (2‑8 °C),White lyophilized powder,C221H366N72O67S,5136 g/mol,,N-(trans-3-hexenoyl)-Tyr-Ala-Asp-Ala-Ile-Phe-Thr-Asn-Ser-Tyr-Arg-Lys-Val-Leu-Gly-Gln-Leu-Ser-Ala-Arg-Lys-Leu-Leu-Gln-Asp-Ile-Met-Ser-Arg-Gln-Gln-Gly-Glu-Ser-Asn-Gln-Glu-Arg-Gly-Ala-Arg-Ala-Arg-Leu-NH2,Soluble in bacteriostatic water,,,,,218949-48-5,Compound,99%+ Purity,,lb,,,suspended
thymosin-alpha-1,THYMOSIN ALPHA-1,"<p><meta charset=""utf-8""><span>Thymosin Alpha-1, also known as thymalfasin, is an acetylated 28-amino-acid thymic peptide.</span></p>
<p><span>This product is intended for research use only.</span></p>",Simms,Uncategorized,"","",true,Dosage,10mg,,,,,,,,SIMMS-THYMOSIN-ALPHA-1-10,0.0,shopify,88,deny,manual,49.00,,true,true,,,,,"",https://cdn.shopify.com/s/files/1/0661/7710/6023/files/Thymosin_Alpha-1.png?v=1780888339,1,Thymosin Alpha-1 supplement bottle and packaging on a light gray background,false,,,t-1358,Keep refrigerated 36‑46 °F (2‑8 °C),White lyophilized powder,C129H215N33O55,3108.3 g/mol,,Ac-Ser-Asp-Ala-Ala-Val-Asp-Thr-Ser-Ser-Glu-Ile-Thr-Thr-Lys-Asp-Leu-Lys-Glu-Lys-Lys-Glu-Val-Val-Glu-Glu-Ala-Glu-Asn,Soluble in bacteriostatic water,,,,,62304-98-7,Compound,99%+ Purity,,lb,,,active
